1|5|Ali Hassan|ali|ali@gmail.com|555|2.8
2|0|Dr. Ahmed Ali|dr. ahmed|ahmed@gmail.com|123
2|4|Dr. Sara Ahmed|dr. sara|sara@gmail.com|123
1|2|Nour Emad|nour|nour@gmail.com|159|3.9
1|6|Omar Khaled|omarr|omar@gmail.com|666|3.2
1|1|Rewan Ebrahim|ren|rewan@gmail.com|123|3.5
1|3|Shahd Ayman|shahd|shahd@gmail.com|475|3
